<?xml version="1.0" encoding="UTF-8"?>
<project-private xmlns="http://www.netbeans.org/ns/project-private/1">
    <editor-bookmarks xmlns="http://www.netbeans.org/ns/editor-bookmarks/1"/>
    <editor-bookmarks xmlns="http://www.netbeans.org/ns/editor-bookmarks/2" lastBookmarkId="0"/>
    <open-files xmlns="http://www.netbeans.org/ns/projectui-open-files/2">
        <group name="NetbeansProjects"/>
        <group>
            <file>file:/C:/Users/Leo/Documents/NetBeansProjects/Blood-Bank-System-master/BloodDonation/src/AddDonor.java</file>
            <file>file:/C:/Users/Leo/Documents/NetBeansProjects/Blood-Bank-System-master/BloodDonation/src/ViewDonors.java</file>
            <file>file:/C:/Users/Leo/Documents/NetBeansProjects/Blood-Bank-System-master/BloodDonation/src/LoginUI.java</file>
            <file>file:/C:/Users/Leo/Documents/NetBeansProjects/Blood-Bank-System-master/BloodDonation/src/RegistrationControl.java</file>
        </group>
    </open-files>
</project-private>
